name,price,availability
camisa ghanda dahane,180.0,True
camisa alin,99.9,True
top frill lurex firework,89.9,True
camisa lurex animal,120.0,True
camisa osaka garden,71.92,True
camisa osaka garden,89.9,True
camisa lina ankara,99.9,True
top janice,69.9,True
top janice,69.9,True
camisa gitain blockprint,54.9,True
camisa nikolai jewel,160.0,True
camisa murat,160.0,True
camisa frills laces,150.0,True
camisa lina batik,89.9,True
camisa balear ali,130.0,True
top cayetina sequins,180.0,True
camisa suley,180.0,True
camisa sport lace,140.0,True
camisa salma,160.0,True
camisa saitama butterfly,160.0,True
camisa lina liberty,99.9,True
camisa kate laces,140.0,True
camisa gitana paisley,140.0,True
camisa frills caramel,140.0,True
camisa emma,140.0,True
camisa emma,140.0,True
camisa earth geo,120.0,True
camisa berna,160.0,True
camisa ghanda dahane,180.0,True
camisa gitana ipek,120.0,True
Top M/L Hairspray,29490.0,True
Top M/L Hairspray,29490.0,True
Top Serena,89990.0,True
Top Wonder,59390.0,True
Camisola Londres,39990.0,True
Top Miracle,27990.0,True
Top Metallic Bronze,36990.0,True
Camisola Woodstock,39990.0,True
Remera Corta Abby,24990.0,True
Remera Corta Galaxy,26990.0,True
Camisola Galaxy,36990.0,True
Top Ulfilas,34990.0,True
Top Ulfilas,34990.0,True
Remera Amsterdam,25990.0,True
Top Amsterdam,25990.0,True
Remera algodon Sunsetkap,3.59,True
Musculosa morley viscosa bretel fino Byshee,3.49,True
Remera algodón manga oversize ancha al corte Tennis,3.59,True
Remera algodon manga oversize ancha al corte Boston los angeles bosang,3.59,True
Remera de algodón 90'skap,3.69,True
Remera algodón NY usa nyukap,3.59,True
Remera Overzise gastada Rolling Stones Voodoo LoungeKap,3.5,True
Remera amplia manga rebatible Corazón Taylor,3.59,True
Remera algodón Rockies ckieskap,3.99,True
Remera algodón Nuovo amore nuamkap,3.59,True
Remera escote cruzado lanita lurex Santos,8.99,True
Remera amplia manga rebatible The original,4.29,True
